{"resultList":
    {"result":
        [
         {"resultField":[{"fieldId":"T1.DISPLAY_NAME","fieldName":"Full Name","fieldType":"STRING","fieldValue":"Buyer42 Buyer42","fieldUrl":"","fieldKey":""},
                         {"fieldId":"T1.NAME","fieldName":"User Name","fieldType":"STRING","fieldValue":"buyer42","fieldUrl":"","fieldKey":""},
                         {"fieldId":"T1.EMAIL","fieldName":"E-Mail","fieldType":"STRING","fieldValue":"jhy_qaalerts@sap.com","fieldUrl":"","fieldKey":""},
                         {"fieldId":"T1.ADDRESS_1","fieldName":"Address 1","fieldType":"STRING","fieldValue":"3 Harvard Ave","fieldUrl":"","fieldKey":""},
                         {"fieldId":"T1.CITY","fieldName":"City","fieldType":"STRING","fieldValue":"Sunnyvale","fieldUrl":"","fieldKey":""},
                         {"fieldId":"T1.STATE_PROVINCE","fieldName":"State\/Province","fieldType":"STRING","fieldValue":"CA","fieldUrl":"","fieldKey":""},
                         {"fieldId":"T1.COUNTRY_OBJECT_NAME","fieldName":"Country","fieldType":"STRING","fieldValue":"US","fieldUrl":"","fieldKey":""}
                         ]
         },
         {"resultField":[{"fieldId":"T1.DISPLAY_NAME","fieldName":"Full Name","fieldType":"STRING","fieldValue":"Christina Bell","fieldUrl":"","fieldKey":""},
                         {"fieldId":"T1.NAME","fieldName":"User Name","fieldType":"STRING","fieldValue":"cbell","fieldUrl":"","fieldKey":""},
                         {"fieldId":"T1.EMAIL","fieldName":"E-Mail","fieldType":"STRING","fieldValue":"christina.bell@sap.com","fieldUrl":"","fieldKey":""},
                         {"fieldId":"T1.ADDRESS_1","fieldName":"Address 1","fieldType":"STRING","fieldValue":"245 1st Street","fieldUrl":"","fieldKey":""},
                         {"fieldId":"T1.CITY","fieldName":"City","fieldType":"STRING","fieldValue":"Cambridge","fieldUrl":"","fieldKey":""},
                         {"fieldId":"T1.STATE_PROVINCE","fieldName":"State\/Province","fieldType":"STRING","fieldValue":"MA","fieldUrl":"","fieldKey":""},
                         {"fieldId":"T1.COUNTRY_OBJECT_NAME","fieldName":"Country","fieldType":"STRING","fieldValue":"US","fieldUrl":"","fieldKey":""}
                         ]
         },
         {"resultField":[{"fieldId":"T1.DISPLAY_NAME","fieldName":"Full Name","fieldType":"STRING","fieldValue":"Jennifer Chen","fieldUrl":"","fieldKey":""},
                         {"fieldId":"T1.NAME","fieldName":"User Name","fieldType":"STRING","fieldValue":"cjennifer","fieldUrl":"","fieldKey":""},
                         {"fieldId":"T1.EMAIL","fieldName":"E-Mail","fieldType":"STRING","fieldValue":"jen.chen@sap.com","fieldUrl":"","fieldKey":""},
                         {"fieldId":"T1.ADDRESS_1","fieldName":"Address 1","fieldType":"STRING","fieldValue":"21 Bonny Drive","fieldUrl":"","fieldKey":""},
                         {"fieldId":"T1.CITY","fieldName":"City","fieldType":"STRING","fieldValue":"Cupertino","fieldUrl":"","fieldKey":""},
                         {"fieldId":"T1.STATE_PROVINCE","fieldName":"State\/Province","fieldType":"STRING","fieldValue":"CA","fieldUrl":"","fieldKey":""},
                         {"fieldId":"T1.COUNTRY_OBJECT_NAME","fieldName":"Country","fieldType":"STRING","fieldValue":"US","fieldUrl":"","fieldKey":""}
                         ]
         },
         {"resultField":[{"fieldId":"T1.DISPLAY_NAME","fieldName":"Full Name","fieldType":"STRING","fieldValue":"Kannan Avudai","fieldUrl":"","fieldKey":""},
                         {"fieldId":"T1.NAME","fieldName":"User Name","fieldType":"STRING","fieldValue":"akannan","fieldUrl":"","fieldKey":""},
                         {"fieldId":"T1.EMAIL","fieldName":"E-Mail","fieldType":"STRING","fieldValue":"kannan.avudai@sap.com","fieldUrl":"","fieldKey":""},
                         {"fieldId":"T1.ADDRESS_1","fieldName":"Address 1","fieldType":"STRING","fieldValue":"","fieldUrl":"","fieldKey":""},
                         {"fieldId":"T1.CITY","fieldName":"City","fieldType":"STRING","fieldValue":"","fieldUrl":"","fieldKey":""},
                         {"fieldId":"T1.STATE_PROVINCE","fieldName":"State\/Province","fieldType":"STRING","fieldValue":"","fieldUrl":"","fieldKey":""},
                         {"fieldId":"T1.COUNTRY_OBJECT_NAME","fieldName":"Country","fieldType":"STRING","fieldValue":"US","fieldUrl":"","fieldKey":""}
                         ]
         },
         {"resultField":[{"fieldId":"T1.DISPLAY_NAME","fieldName":"Full Name","fieldType":"STRING","fieldValue":"Rajib Shome","fieldUrl":"","fieldKey":""},
                         {"fieldId":"T1.NAME","fieldName":"User Name","fieldType":"STRING","fieldValue":"srajib","fieldUrl":"","fieldKey":""},
                         {"fieldId":"T1.EMAIL","fieldName":"E-Mail","fieldType":"STRING","fieldValue":"rajib.shome@sap.com","fieldUrl":"","fieldKey":""},
                         {"fieldId":"T1.ADDRESS_1","fieldName":"Address 1","fieldType":"STRING","fieldValue":"","fieldUrl":"","fieldKey":""},
                         {"fieldId":"T1.CITY","fieldName":"City","fieldType":"STRING","fieldValue":"","fieldUrl":"","fieldKey":""},
                         {"fieldId":"T1.STATE_PROVINCE","fieldName":"State\/Province","fieldType":"STRING","fieldValue":"","fieldUrl":"","fieldKey":""},
                         {"fieldId":"T1.COUNTRY_OBJECT_NAME","fieldName":"Country","fieldType":"STRING","fieldValue":"US","fieldUrl":"","fieldKey":""}
                         ]
         },
         {"resultField":[{"fieldId":"T1.DISPLAY_NAME","fieldName":"Full Name","fieldType":"STRING","fieldValue":"Sunny Garg","fieldUrl":"","fieldKey":""},
                         {"fieldId":"T1.NAME","fieldName":"User Name","fieldType":"STRING","fieldValue":"gsunny","fieldUrl":"","fieldKey":""},
                         {"fieldId":"T1.EMAIL","fieldName":"E-Mail","fieldType":"STRING","fieldValue":"sunny.garg@sap.com","fieldUrl":"","fieldKey":""},
                         {"fieldId":"T1.ADDRESS_1","fieldName":"Address 1","fieldType":"STRING","fieldValue":"","fieldUrl":"","fieldKey":""},
                         {"fieldId":"T1.CITY","fieldName":"City","fieldType":"STRING","fieldValue":"","fieldUrl":"","fieldKey":""},
                         {"fieldId":"T1.STATE_PROVINCE","fieldName":"State\/Province","fieldType":"STRING","fieldValue":"","fieldUrl":"","fieldKey":""},
                         {"fieldId":"T1.COUNTRY_OBJECT_NAME","fieldName":"Country","fieldType":"STRING","fieldValue":"US","fieldUrl":"","fieldKey":""}
                         ]
         }
         ]
    }
}
